{"cameraMode":{"drawMode":0,"name":"Shaded","section":"Shading Mode"},"sceneLighting":true,"audioPlay":false,"sceneViewState":{"showFog":true,"showMaterialUpdate":false,"showSkybox":true,"showFlares":true,"showImageEffects":true,"showParticleSystems":true},"in2DMode":false,"pivot":{"x":-0.021379947662353517,"y":0.2514798641204834,"z":1.6148263216018677},"rotation":{"x":-0.24525924026966096,"y":0.6764285564422607,"z":-0.25716882944107058,"w":-0.6451039910316467},"size":1.6250405311584473,"orthographic":false}